N0001	World	Politics	Summit treaty talks	Diplomats meet at summit; treaty draft targets border security and sanctions relief.
N0002	World	Politics	Parliament debates sanctions	Parliament votes on sanctions package; coalition ministers argue for diplomacy at the summit.
N0003	World	Politics	Ceasefire corridor monitored	Diplomats announce ceasefire corridor; monitors report border compliance and security checks.
N0004	World	Politics	Ministers expand sanctions	Finance ministers expand sanctions; treaty terms link trade access to ceasefire monitoring.
N0005	World	Politics	Coalition vote after summit	Coalition leaders face confidence vote; parliament weighs treaty, sanctions, and border guarantees.
N0006	World	Politics	Border talks pause	Negotiators pause border talks; diplomats cite treaty language, security guarantees, and sanctions disputes.
N0007	World	Politics	Regional summit statement	Summit statement urges diplomacy, treaty progress, ceasefire monitoring, and election oversight by parliament.
N0008	Tech	AI	Model update hits benchmarks	New model update improves benchmark accuracy; lower latency reported after patch and toolchain tuning.
N0009	Tech	Hardware	Chipset cores and power	Chipset launch touts faster cores and lower power; firmware update targets stability on benchmarks.
N0010	Tech	Software	Kernel patch improves stability	Kernel patch fixes memory bug; update reduces latency and improves security across toolchain builds.
N0011	Tech	Cloud	Cloud outage and routing logs	Cloud outage traced to routing error; engineers review logs and ship patch update to restore service.
N0012	Tech	Energy	Battery charging cycle gains	Battery chemistry boosts charging speed and cycle life; benchmarks show lower heat and power draw.
N0013	Tech	Security	Firmware exploit mitigation	Researchers disclose firmware exploit; vendors push update patch and mitigation guidance with monitoring logs.
N0014	Tech	AI	Quantum toolchain demo	Quantum demo accelerates optimization; developers integrate toolchain update and compare benchmarks and latency.
N0015	Movies	Review	Sequel review: pacing wins	Review praises pacing and soundtrack; director delivers action and strong box office returns.
N0016	Movies	Review	Drama review: acting and script	Review highlights acting and screenplay; director earns awards as audience ratings climb.
N0017	Movies	Review	Reboot review: plot problems	Review criticizes plot and dialogue; visuals strong but box office and audience scores fall.
N0018	Movies	Review	Indie romance review surprise	Review notes cinematography and acting; screenplay feels warm and audience buzz lifts box office.
N0019	Movies	Review	Thriller review: suspense lands	Review applauds suspense and editing; finale twist boosts audience ratings and box office legs.
N0020	Movies	Review	Comedy sequel review: chemistry	Review enjoys jokes and cast chemistry; pacing steady and soundtrack supports the sequelâ€™s box office.
